Entity,Score
D:\Master\MASTER_PROJECT\Data_QuixBugs\question_25\code\wrong\wrong_pascal.py::9,1.1
D:\Master\MASTER_PROJECT\Data_QuixBugs\question_25\code\wrong\wrong_pascal.py::8,1.1
D:\Master\MASTER_PROJECT\Data_QuixBugs\question_25\code\wrong\wrong_pascal.py::7,1.1
D:\Master\MASTER_PROJECT\Data_QuixBugs\question_25\code\wrong\wrong_pascal.py::6,1.1
D:\Master\MASTER_PROJECT\Data_QuixBugs\question_25\code\wrong\wrong_pascal.py::5,1.1
D:\Master\MASTER_PROJECT\Data_QuixBugs\question_25\code\wrong\wrong_pascal.py::10,1.1
D:\Master\MASTER_PROJECT\Data_QuixBugs\question_25\code\wrong\wrong_pascal.py::4,0.6176470588235294
D:\Master\MASTER_PROJECT\Data_QuixBugs\question_25\code\wrong\wrong_pascal.py::3,0.6176470588235294
D:\Master\MASTER_PROJECT\Data_QuixBugs\question_25\code\wrong\wrong_pascal.py::12,0.31153846153846154
